RUNUP_HT,DIST_FROM_SOURCE,CAUSE_CODE,TS_INTENSITY,DAMAGE_AMOUNT_ORDER
0.19,11848,0,1,1
0.13,9460,0,1,1
0.23,12307,0,1,1
0.21,16619,0,1,1
0.27,10635,0,1,1
0.08,10805,0,1,1
0.65,10743,0,1,1
0.94,708,0,1,1
0.02,11702,0,1,1
0.27,5876,0,1,1
0.77,348,0,1,1
0.15,8060,0,1,1
0.11,10890,0,1,1
0.02,12885,0,1,1
0.91,10548,0,1,1
0.22,16518,0,1,1
0.29,9704,0,1,1
0.86,3677,0,1,1
0.32,9766,0,1,1
0.36,937,0,1,1
4.67,183,0,1,1
0.95,427,0,1,1
0.25,9415,0,1,1
0.34,16712,0,1,1
0.43,5602,0,1,1
1.18,589,0,1,1
0.27,9368,0,1,1
1.14,508,0,1,1
0.76,343,0,1,1
0.2,9701,0,1,1
0.2,10136,0,1,1
0.05,12485,0,1,1
0.16,1161,0,1,1
0.49,890,0,1,1
0.17,9507,0,1,1
0.59,1463,0,1,1
0.13,13546,0,1,1
0.39,1019,0,1,1
0.18,3979,0,1,1
0.07,10715,0,1,1
0.19,12692,0,1,1
0.65,622,0,1,1
0.04,10890,0,1,1
0.11,9688,0,1,1
0.26,12876,0,1,1
0.22,12428,0,1,1
0.11,8618,0,1,1
0.52,2241,0,1,1
0.07,11205,0,1,1
0.38,695,0,1,1
0.16,8751,0,1,1
0.37,740,0,1,1
0.3,1207,0,1,1
0.2,1340,0,1,1
0.21,9388,0,1,1
0.09,11425,0,1,1
0.34,880,0,1,1
1.72,135,0,1,1
0.12,8600,0,1,1
0.12,9343,0,1,1
0.34,8900,0,1,1
0.1,12384,0,1,1
0.1,10460,0,1,1
0.12,13096,0,1,1
0.33,8856,0,1,1
0.15,11886,0,1,1
0.36,950,0,1,1
0.44,16408,0,1,1
0.25,1272,0,1,1
0.08,1548,0,1,1
0.26,9395,0,1,1
0.23,10927,0,1,1
0.1,10913,0,1,1
0.04,10730,0,1,1
0.03,11086,0,1,1
0.33,9418,0,1,1
0.04,11447,0,1,1
0.24,17444,0,1,1
0.14,16939,0,1,1
0.2,17225,0,1,1
0.2,17837,0,1,1
0.19,17703,0,1,1
0.1,18271,0,1,1
0.1,18049,0,1,1
0.66,7627,0,1,1
0.05,1383,0,1,1
0.1,3404,0,1,1
0.17,5383,0,1,1
0.07,5283,0,1,1
0.4,6342,0,1,1
0.5,15416,0,1,1
0.15,303,0,1,1
0.05,9933,0,1,1
0.3,159,0,1,1
0.18,106,0,1,1
0.06,9330,0,1,1
0.05,9349,0,1,1
0.12,9899,0,1,1
0.07,9995,0,1,1
0.08,10330,0,1,1
0.07,13057,0,1,1
0.09,13972,0,1,1
0.05,11641,0,1,1
0.11,14340,0,1,1
0.08,11514,0,1,1
0.09,13413,0,1,1
0.21,10873,0,1,1
0.07,14076,0,1,1
0.16,17079,0,1,1
0.05,9746,0,1,1
0.05,9376,0,1,1
0.32,9741,0,1,1
0.21,9429,0,1,1
0.07,9593,0,1,1
0.22,8626,0,1,1
0.11,9438,0,1,1
0.25,9407,0,1,1
0.03,11354,0,1,1
0.35,6240,0,1,1
0.1,16758,0,1,1
0.06,17436,0,1,1
0.1,12604,0,1,1
0.04,14146,0,1,1
0.09,9728,0,1,1
0.08,8907,0,1,1
0.55,93,0,1,1
0.1,141,0,1,1
1.77,64,0,1,1
,266,0,1,1
,314,0,1,1
,314,0,1,1
,356,0,1,1
,479,0,1,1
,4436,0,1,1
,68,0,1,1
6.41,182,0,1,1
6.33,183,0,1,1
6.04,182,0,1,1
6.33,182,0,1,1
5.72,148,0,1,1
3.89,147,0,1,1
3.84,147,0,1,1
4.51,147,0,1,1
3.26,155,0,1,1
2.43,155,0,1,1
2.96,155,0,1,1
2.61,160,0,1,1
3.07,239,0,1,1
2.5,220,0,1,1
4.36,181,0,1,1
4.96,141,0,1,1
4.57,47,0,1,1
5.47,92,0,1,1
4.84,93,0,1,1
3.03,94,0,1,1
4.79,141,0,1,1
6.09,141,0,1,1
4.77,141,0,1,1
4.84,141,0,1,1
5.76,141,0,1,1
5.48,142,0,1,1
5.19,142,0,1,1
5.25,142,0,1,1
4.76,142,0,1,1
2.98,196,0,1,1
2.71,179,0,1,1
3.85,179,0,1,1
4.62,181,0,1,1
5.47,183,0,1,1
2.7,259,0,1,1
3.21,259,0,1,1
1.83,349,0,1,1
1.39,590,0,1,1
1.39,590,0,1,1
1.38,590,0,1,1
3.86,41,0,1,1
3.76,41,0,1,1
3.75,41,0,1,1
5.04,41,0,1,1
5.71,183,0,1,1
6.37,182,0,1,1
5.86,182,0,1,1
6.52,183,0,1,1
6.02,182,0,1,1
6.44,182,0,1,1
6.38,182,0,1,1
6.42,182,0,1,1
6.15,182,0,1,1
3.6,184,0,1,1
3.69,184,0,1,1
4.01,147,0,1,1
3.68,147,0,1,1
3.97,147,0,1,1
3.9,147,0,1,1
4.39,147,0,1,1
4,147,0,1,1
3,18,0,1,1
3.31,189,0,1,1
3.06,187,0,1,1
3.12,180,0,1,1
3.28,141,0,1,1
4.71,47,0,1,1
5.09,142,0,1,1
4.12,142,0,1,1
3.09,179,0,1,1
4.92,181,0,1,1
4.5,183,0,1,1
5.25,183,0,1,1
4.97,183,0,1,1
4.19,183,0,1,1
2.59,151,0,1,1
3.46,151,0,1,1
3.46,151,0,1,1
3.43,151,0,1,1
3.25,151,0,1,1
2.14,151,0,1,1
3.5,41,0,1,1
3.84,40,0,1,1
4.13,40,0,1,1
3.38,41,0,1,1
4.13,41,0,1,1
0.01,1986,0,1,1
0.01,2815,0,1,1
0.05,803,0,1,1
0.05,845,0,1,1
0.08,675,0,1,1
0.09,1390,0,1,1
,2400,0,1,1
,2525,0,1,1
,2687,0,1,1
,3726,0,1,1
0.02,1204,0,1,1
0.21,726,0,1,1
0.15,134,0,1,1
0.2,304,0,1,1
,1475,0,1,1
0.8,3781,0,1,1
,5,0,1,1
0.25,356,0,1,1
0.23,139,0,1,1
0.17,344,0,1,1
0.24,329,0,1,1
0.25,127,0,1,1
0.14,299,0,1,1
0.1,1136,0,1,1
,182,0,1,1
,148,0,1,1
,142,0,1,1
3.2,274,0,1,1
3.1,274,0,1,1
3,274,0,1,1
2.7,259,0,1,1
3.1,259,0,1,1
3.6,259,0,1,1
3.8,258,0,1,1
5.2,254,0,1,1
3.2,254,0,1,1
6.8,254,0,1,1
2.6,239,0,1,1
3.2,239,0,1,1
2.6,239,0,1,1
2.9,236,0,1,1
3,236,0,1,1
3.3,234,0,1,1
2,234,0,1,1
3.2,234,0,1,1
6.6,222,0,1,1
4.7,220,0,1,1
2,198,0,1,1
2.6,198,0,1,1
5.8,198,0,1,1
5.3,198,0,1,1
4.2,198,0,1,1
2.9,192,0,1,1
2.3,192,0,1,1
1.7,189,0,1,1
2.9,189,0,1,1
3,187,0,1,1
3.4,186,0,1,1
3,184,0,1,1
1.9,184,0,1,1
1.4,184,0,1,1
4.3,183,0,1,1
4.4,182,0,1,1
5.8,182,0,1,1
3.6,182,0,1,1
7.5,180,0,1,1
3.5,183,0,1,1
3.5,180,0,1,1
3.4,179,0,1,1
0.6,169,0,1,1
2.6,169,0,1,1
4,169,0,1,1
4.8,161,0,1,1
4.9,155,0,1,1
3.3,155,0,1,1
1.9,149,0,1,1
2.9,147,0,1,1
9,147,0,1,1
3.9,148,0,1,1
2.7,148,0,1,1
4.6,148,0,1,1
3.9,147,0,1,1
5.5,147,0,1,1
2.8,147,0,1,1
1.8,146,0,1,1
1.8,145,0,1,1
2.9,143,0,1,1
1.1,142,0,1,1
3.3,141,0,1,1
5.9,142,0,1,1
5.5,142,0,1,1
3.8,142,0,1,1
4.4,143,0,1,1
4.3,144,0,1,1
4.4,144,0,1,1
4.1,144,0,1,1
3.4,145,0,1,1
3.9,145,0,1,1
3.8,145,0,1,1
8.1,146,0,1,1
4.6,145,0,1,1
13.6,67,0,1,1
4.2,66,0,1,1
12.8,63,0,1,1
2.8,63,0,1,1
7,47,0,1,1
5.3,18,0,1,1
3.2,18,0,1,1
3.4,18,0,1,1
2.7,25,0,1,1
5.7,25,0,1,1
5.8,26,0,1,1
2.9,35,0,1,1
1.5,36,0,1,1
3.7,37,0,1,1
0.7,37,0,1,1
4.5,37,0,1,1
3.3,38,0,1,1
5,38,0,1,1
3.3,38,0,1,1
2.3,40,0,1,1
2.6,41,0,1,1
3.4,41,0,1,1
4.2,40,0,1,1
9.3,41,0,1,1
3.5,44,0,1,1
2,64,0,1,1
2.5,64,0,1,1
5,64,0,1,1
1.9,76,0,1,1
1.8,76,0,1,1
1.8,75,0,1,1
4.3,81,0,1,1
0.9,97,0,1,1
2.5,106,0,1,1
0.8,106,0,1,1
2.8,106,0,1,1
2.2,111,0,1,1
2.6,111,0,1,1
2.1,114,0,1,1
1.1,115,0,1,1
3,120,0,1,1
2.9,121,0,1,1
2.3,122,0,1,1
2.5,128,0,1,1
2.2,131,0,1,1
3,132,0,1,1
1,135,0,1,1
1.9,135,0,1,1
2.3,140,0,1,1
3.4,140,0,1,1
1.6,140,0,1,1
0.9,147,0,1,1
2.8,147,0,1,1
1.5,146,0,1,1
3.9,148,0,1,1
3,151,0,1,1
2.7,155,0,1,1
2.7,156,0,1,1
2.5,159,0,1,1
2.4,160,0,1,1
2.2,161,0,1,1
2.7,162,0,1,1
2.9,162,0,1,1
1.9,179,0,1,1
1.7,180,0,1,1
2.3,199,0,1,1
1.6,199,0,1,1
3,210,0,1,1
2.5,220,0,1,1
4.3,228,0,1,1
1.7,242,0,1,1
1.9,243,0,1,1
1.5,243,0,1,1
1.8,243,0,1,1
2.8,243,0,1,1
0.8,244,0,1,1
2.3,244,0,1,1
1.5,244,0,1,1
0.4,189,0,1,1
,221,0,1,1
,221,0,1,1
,189,0,1,1
3.9,2010,0,1,1
4.7,577,0,1,1
3.8,995,0,1,1
3.5,1016,0,1,1
1.7,1017,0,1,1
2,1015,0,1,1
3.4,1019,0,1,1
3.1,1020,0,1,1
3.2,974,0,1,1
10,990,0,1,1
2.7,986,0,1,1
2.4,987,0,1,1
3.8,995,0,1,1
2.5,1055,0,1,1
2.9,1041,0,1,1
7.4,833,0,1,1
13.9,886,0,1,1
17.3,886,0,1,1
10.9,891,0,1,1
8,892,0,1,1
8.6,892,0,1,1
6.8,892,0,1,1
10.5,894,0,1,1
15,894,0,1,1
13.9,886,0,1,1
10.4,886,0,1,1
13.1,885,0,1,1
13.1,2014,0,1,1
13.1,2014,0,1,1
13.1,2012,0,1,1
13.1,2012,0,1,1
13.1,2011,0,1,1
13.1,2009,0,1,1
13.1,2007,0,1,1
13.1,2005,0,1,1
13.1,2008,0,1,1
13.1,2004,0,1,1
13.1,2004,0,1,1
13.1,2000,0,1,1
2.23,1975,0,1,1
2.23,1937,0,1,1
2.23,2093,0,1,1
2.23,2128,0,1,1
2.23,2100,0,1,1
2.23,2025,0,1,1
2.27,2026,0,1,1
2.76,2024,0,1,1
2.9,2043,0,1,1
2.97,1976,0,1,1
3.08,2031,0,1,1
3.12,2041,0,1,1
3.16,2032,0,1,1
3.2,2040,0,1,1
3.2,2020,0,1,1
3.23,2023,0,1,1
3.29,2009,0,1,1
3.65,2023,0,1,1
3.66,2003,0,1,1
3.81,2030,0,1,1
4.02,1949,0,1,1
4.1,2017,0,1,1
4.3,1954,0,1,1
4.48,1957,0,1,1
4.51,2025,0,1,1
4.59,2006,0,1,1
4.59,1950,0,1,1
4.61,1962,0,1,1
4.68,1950,0,1,1
4.75,2007,0,1,1
4.85,2023,0,1,1
4.9,1946,0,1,1
5.22,1973,0,1,1
5.67,2005,0,1,1
5.71,2014,0,1,1
5.72,1967,0,1,1
5.74,2009,0,1,1
5.81,1953,0,1,1
6,1932,0,1,1
6.64,1943,0,1,1
6.93,2009,0,1,1
7.55,2003,0,1,1
8.56,1961,0,1,1
9.08,2003,0,1,1
11.12,1993,0,1,1
11.25,2003,0,1,1
2.76,2002,0,1,1
2.32,1992,0,1,1
2.2,4574,0,1,1
1.7,4575,0,1,1
3,4568,0,1,1
1.9,4570,0,1,1
2.8,4570,0,1,1
4.4,4572,0,1,1
2.8,4571,0,1,1
1.6,4574,0,1,1
3.5,4574,0,1,1
2.5,4575,0,1,1
4.3,4578,0,1,1
1.7,4578,0,1,1
3.1,4542,0,1,1
3,4540,0,1,1
2.5,4539,0,1,1
1.9,4538,0,1,1
2,4538,0,1,1
3.6,4541,0,1,1
1.8,4536,0,1,1
,2920,0,1,1
0.18,,0,1,1
,,0,1,1
,205,0,1,1
0.02,215,0,1,1
6,29,0,1,1
6,29,0,1,1
15,30,0,1,1
15,28,0,1,1
15,29,0,1,1
15,30,0,1,1
2.5,27,0,1,1
0.3,7535,0,1,1
0.06,351,0,1,1
193,17,0,1,1
0.1,317,0,1,1
1.18,23,0,1,1
1.69,24,0,1,1
1.36,24,0,1,1
1.28,25,0,1,1
0.5,36,0,1,1
1.38,14,0,1,1
0.61,14,0,1,1
0.6,15,0,1,1
,42,0,1,1
,49,0,1,1
2.08,94,0,1,1
1.15,56,0,1,1
1.3,30,0,1,1
1.44,25,0,1,1
1.73,23,0,1,1
3.03,23,0,1,1
2.66,24,0,1,1
2.44,25,0,1,1
0.21,90,0,1,1
0.22,866,0,1,1
0.18,333,0,1,1
0.49,215,0,1,1
0.97,64,0,1,1
,76,0,1,1
8,,0,1,1
11,,0,1,1
,196,0,1,1
0.19,517,0,1,1
0.05,10797,0,1,1
0.07,10663,0,1,1
0.03,10604,0,1,1
0.18,10682,0,1,1
0.08,10442,0,1,1
0.03,10478,0,1,1
0.03,6854,0,1,1
0.03,6719,0,1,1
0.04,6653,0,1,1
0.05,6446,0,1,1
0.03,6468,0,1,1
0.05,6501,0,1,1
0.05,6366,0,1,1
0.03,6299,0,1,1
0.13,6363,0,1,1
0.1,6093,0,1,1
0.03,6315,0,1,1
0.05,6181,0,1,1
0.05,6114,0,1,1
0.19,6178,0,1,1
0.06,5908,0,1,1
,890,0,1,1
0.02,96,0,1,1
0.07,388,0,1,1
0.11,372,0,1,1
0.09,586,0,1,1
0.05,652,0,1,1
0.04,4115,0,1,1
0.05,3902,0,1,1
0.04,3840,0,1,1
0.07,,0,1,1
0.05,,0,1,1
0.07,,0,1,1
0.08,,0,1,1
0.04,,0,1,1
0.04,,0,1,1
0.03,,0,1,1
0.03,,0,1,1
0.03,,0,1,1
0.07,,0,1,1
0.06,,0,1,1
0.06,,0,1,1
0.06,,0,1,1
0.04,,0,1,1
0.02,9264,0,1,1
0.04,9566,0,1,1
0.06,9693,0,1,1
0.02,9759,0,1,1
0.13,9705,0,1,1
0.07,9973,0,1,1
0.04,9958,0,1,1
0.05,8841,0,1,1
0.07,9120,0,1,1
0.05,9639,0,1,1
0.02,9524,0,1,1
0.03,9239,0,1,1
0.03,9104,0,1,1
0.07,8713,0,1,1
0.04,58,0,1,1
,42,0,1,1
0.15,351,0,1,1
0.14,176,0,1,1
0.06,263,0,1,1
,213,0,1,1
,6,0,1,1
0.03,646,0,1,1
0.01,630,0,1,1
0.01,934,0,1,1
0.01,1145,0,1,1
,1341,0,1,1
0.12,205,0,1,1
0.18,832,0,1,1
0.08,489,0,1,1
0.1,1304,0,1,1
0.43,1179,0,1,1
0.14,1380,0,1,1
0.07,1324,0,1,1
0.19,1088,0,1,1
0.05,1308,0,1,1
0.03,1098,0,1,1
0.04,1179,0,1,1
0.08,402,0,1,1
,730,0,1,1
,768,0,1,1
,26,0,1,1
0.01,2065,0,1,1
0.38,309,0,1,1
0.4,183,0,1,1
1.44,102,0,1,1
0.09,3956,0,1,1
0.08,310,0,1,1
4.5,4368,0,1,1
2.6,9704,0,1,1
2.7,9710,0,1,1
2.6,9710,0,1,1
3,9712,0,1,1
2.2,9713,0,1,1
2,9713,0,1,1
2.4,9718,0,1,1
2.6,9697,0,1,1
2,9697,0,1,1
1.9,9697,0,1,1
2.7,9708,0,1,1
2.5,9708,0,1,1
2.8,9708,0,1,1
2.4,9708,0,1,1
3,9708,0,1,1
2.49,9592,0,1,1
2.64,9592,0,1,1
2.61,9592,0,1,1
2.99,9596,0,1,1
2.36,9597,0,1,1
2.97,9597,0,1,1
2.15,9597,0,1,1
2.53,9594,0,1,1
1.99,9593,0,1,1
2.57,9594,0,1,1
1.78,9593,0,1,1
2.6,9587,0,1,1
2.71,9586,0,1,1
2.89,9586,0,1,1
2.71,9586,0,1,1
3.12,9591,0,1,1
3.22,9591,0,1,1
2.65,9545,0,1,1
3.53,9550,0,1,1
2.77,9550,0,1,1
3.26,9551,0,1,1
2.46,9551,0,1,1
2.45,9551,0,1,1
3.13,9551,0,1,1
2.56,9554,0,1,1
2.68,9554,0,1,1
3.16,9551,0,1,1
3.71,9551,0,1,1
3.51,9552,0,1,1
3.2,9552,0,1,1
2.93,9552,0,1,1
3.42,9552,0,1,1
0.01,806,0,1,1
0.08,177,0,1,1
0.03,210,0,1,1
,356,0,1,1
,197,0,1,1
2.61,7379,0,1,1
2.75,7388,0,1,1
,3,0,1,1
,512,0,1,1
,933,0,1,1
,631,0,1,1
,1331,0,1,1
,1330,0,1,1
3.54,7231,0,1,1
3.85,7232,0,1,1
2.19,7235,0,1,1
0.91,7220,0,1,1
2.62,7225,0,1,1
2.21,7225,0,1,1
2.02,7229,0,1,1
2.79,7345,0,1,1
2.89,7345,0,1,1
2.16,7348,0,1,1
3.18,7348,0,1,1
2.69,7348,0,1,1
2.85,7348,0,1,1
3.09,7348,0,1,1
2.68,7348,0,1,1
1.5,7350,0,1,1
2.98,7355,0,1,1
2.84,7355,0,1,1
3.06,7355,0,1,1
2.16,7353,0,1,1
,7353,0,1,1
2.57,7356,0,1,1
2.62,7350,0,1,1
3.79,7350,0,1,1
2.52,7350,0,1,1
3.26,7382,0,1,1
2.31,7382,0,1,1
1.28,7383,0,1,1
1.86,7379,0,1,1
2.22,7388,0,1,1
2.95,7388,0,1,1
2.75,7388,0,1,1
1.42,7388,0,1,1
1.19,7388,0,1,1
2.1,7388,0,1,1
2.95,7388,0,1,1
1.16,7388,0,1,1
0.71,7388,0,1,1
1.16,7388,0,1,1
2.86,7384,0,1,1
2.41,7385,0,1,1
3.49,7385,0,1,1
3.78,7385,0,1,1
1.5,8934,0,1,1
,8449,0,1,1
1.9,2858,0,1,1
,7013,0,1,1
0.01,285,0,1,1
6.5,48,0,1,1
4.9,45,0,1,1
0.06,6788,0,1,1
0.04,145,0,1,1
0.28,3139,0,1,1
0.13,3327,0,1,1
0.04,302,0,1,1
0.11,104,0,1,1
0.03,336,0,1,1
30,180,0,1,1
2.58,9559,0,1,1
2.53,9559,0,1,1
3.43,9556,0,1,1
3.24,9556,0,1,1
4.18,9555,0,1,1
4.31,9556,0,1,1
4.17,9556,0,1,1
0.99,9420,0,1,1
1.43,9421,0,1,1
1.35,9420,0,1,1
0.93,9422,0,1,1
1.73,9422,0,1,1
2.25,9423,0,1,1
2.26,9423,0,1,1
3.07,9426,0,1,1
2.32,9426,0,1,1
1.8,9427,0,1,1
1.62,9439,0,1,1
1.06,9396,0,1,1
1.11,9396,0,1,1
,9394,0,1,1
1.04,9394,0,1,1
1.74,9394,0,1,1
0.3,9427,0,1,1
2,7806,0,1,1
60,2,0,1,1
0.02,6500,0,1,1
0.05,5950,0,1,1
0.01,7841,0,1,1
0.01,5604,0,1,1
0.01,4671,0,1,1
0.08,67,0,1,1
0.17,8492,0,1,1
0.04,8336,0,1,1
0.11,7439,0,1,1
0.09,7125,0,1,1
0.13,6819,0,1,1
0.32,6621,0,1,1
0.13,6397,0,1,1
0.24,6170,0,1,1
0.43,5603,0,1,1
0.43,6271,0,1,1
0.58,6014,0,1,1
0.23,6756,0,1,1
0.18,5647,0,1,1
0.08,5404,0,1,1
0.22,5344,0,1,1
0.18,5155,0,1,1
0.15,4812,0,1,1
2.5,2161,0,1,1
2.5,2209,0,1,1
3,2220,0,1,1
5,2236,0,1,1
5,2239,0,1,1
3,2265,0,1,1
3.5,2277,0,1,1
4.5,2297,0,1,1
1,2351,0,1,1
2,2381,0,1,1
2.5,2434,0,1,1
3.5,2469,0,1,1
4.75,2239,0,1,1
,127,0,1,1
,162,0,1,1
2,,0,1,1
,,0,1,1
0.08,10366,0,1,1
0.6,95,0,1,1
2.5,64,0,1,1
3,19,0,1,1
1,13,0,1,1
3,8,0,1,1
,145,0,1,1
5,19,0,1,1
,18,0,1,1
7,81,0,1,1
10,23,0,1,1
4.2,84,0,1,1
,85,0,1,1
2,135,0,1,1
0.5,168,0,1,1
,321,0,1,1
,187,0,1,1
,305,0,1,1
0.3,317,0,1,1
,618,0,1,1
3.9,133,0,1,1
3,64,0,1,1
3.4,63,0,1,1
2.3,51,0,1,1
1.6,49,0,1,1
2.9,99,0,1,1
3.1,102,0,1,1
2,105,0,1,1
1.2,4279,0,1,1
0.04,11530,0,1,1
0.32,7881,0,1,1
,7882,0,1,1
0.9,7901,0,1,1
,7824,0,1,1
0.9,7889,0,1,1
,121,0,1,1
0.06,185,0,1,1
,50,0,1,1
0.09,2207,0,1,1
0.07,2104,0,1,1
2,137,0,1,1
3.5,232,0,1,1
4,227,0,1,1
,226,0,1,1
3.85,226,0,1,1
,203,0,1,1
0.04,3548,0,1,1
0.1,58,0,1,1
0.16,40,0,1,1
0.13,16801,0,1,1
0.09,16848,0,1,1
0.08,16993,0,1,1
0.06,17026,0,1,1
0.06,17131,0,1,1
0.09,17463,0,1,1
0.19,17472,0,1,1
0.04,17768,0,1,1
0.17,17943,0,1,1
0.08,18001,0,1,1
,4860,0,1,1
,48,0,1,1
2,17018,0,1,1
0.5,11,0,1,1
0.1,11,0,1,1
0.4,5,0,1,1
0.4,14,0,1,1
,12,0,1,1
1.2,12,0,1,1
,16,0,1,1
1.2,12,0,1,1
0.6,82,0,1,1
0.5,14,0,1,1
1.5,12,0,1,1
0.8,11,0,1,1
1,11,0,1,1
0.5,12,0,1,1
0.9,11,0,1,1
0.5,12,0,1,1
0.9,13,0,1,1
2,6,0,1,1
0.05,19,0,1,1
0.1,16,0,1,1
1.5,13,0,1,1
1.4,12,0,1,1
0.7,12,0,1,1
0.6,12,0,1,1
0.6,12,0,1,1
0.6,12,0,1,1
0.3,12,0,1,1
1.2,12,0,1,1
0.7,11,0,1,1
0.7,11,0,1,1
0.8,10,0,1,1
0.8,9,0,1,1
0.6,9,0,1,1
0.5,8,0,1,1
0.8,8,0,1,1
0.7,8,0,1,1
1.6,11,0,1,1
,0,0,1,1
90,3,0,1,1
1,9,0,1,1
33.8,4,0,1,1
32,3,0,1,1
37.3,2,0,1,1
24.4,4,0,1,1
62.3,1,0,1,1
4,0,0,1,1
0.25,28,0,1,1
,3,0,1,1
4.64,21,0,1,1
5.92,19,0,1,1
5.82,19,0,1,1
6.82,19,0,1,1
6.51,19,0,1,1
7.01,19,0,1,1
6.9,19,0,1,1
6.6,19,0,1,1
6.1,19,0,1,1
5.6,19,0,1,1
3.83,17,0,1,1
0.04,2183,0,1,1
0.04,2406,0,1,1
,46,0,1,1
,59,0,1,1
,87,0,1,1
,137,0,1,1
,155,0,1,1
2.4,147,0,1,1
1.6,132,0,1,1
1,65,0,1,1
4.7,55,0,1,1
3.4,47,0,1,1
3.4,54,0,1,1
2.1,35,0,1,1
2.2,30,0,1,1
1.2,44,0,1,1
1.01,44,0,1,1
0.73,42,0,1,1
0.64,40,0,1,1
0.95,37,0,1,1
4.84,21,0,1,1
4.64,21,0,1,1
5.62,19,0,1,1
5.9,19,0,1,1
1.67,31,0,1,1
1.9,25,0,1,1
3.62,23,0,1,1
0.04,27,0,1,1
0.1,395,0,1,1
0.03,171,0,1,1
0.16,38,0,1,1
0.06,91,0,1,1
4.5,96,0,1,1
7.6,94,0,1,1
5.4,83,0,1,1
0.16,331,0,1,1
0.11,189,0,1,1
0.44,126,0,1,1
9,76,0,1,1
0.01,1670,0,1,1
,,0,1,1
,1626,0,1,1
0.35,,0,1,1
0.6,,0,1,1
0.1,189,0,1,1
,55,0,1,1
,25,0,1,1
0.25,64,0,1,1
4.64,10,0,1,1
2.35,11,0,1,1
2.1,14,0,1,1
1.8,44,0,1,1
0.09,212,0,1,1
0.13,133,0,1,1
0.1,241,0,1,1
0.02,183,0,1,1
0.1,239,0,1,1
0.06,102,0,1,1
7.13,17,0,1,1
6.64,10,0,1,1
1.85,11,0,1,1
1.47,19,0,1,1
1.88,21,0,1,1
1.39,22,0,1,1
1.02,32,0,1,1
0.83,39,0,1,1
2.33,21,0,1,1
0.51,30,0,1,1
0.4,30,0,1,1
0.5,30,0,1,1
1.2,30,0,1,1
2.2,14,0,1,1
1.27,45,0,1,1
1.18,108,0,1,1
3,27,0,1,1
,1561,0,1,1
1,1293,0,1,1
1,7,0,1,1
,8594,0,1,1
0.03,1143,0,1,1
0.07,787,0,1,1
0.02,2466,0,1,1
0.01,3739,0,1,1
1.76,182,0,1,1
0.2,931,0,1,1
0.21,867,0,1,1
0.24,1188,0,1,1
0.93,663,0,1,1
1.01,196,0,1,1
0.3,275,0,1,1
0.69,242,0,1,1
0.28,1775,0,1,1
0.23,1741,0,1,1
0.29,4947,0,1,1
0.2,5714,0,1,1
0.18,5657,0,1,1
0.17,6466,0,1,1
0.18,6601,0,1,1
0.58,478,0,1,1
0.38,535,0,1,1
0.17,1232,0,1,1
0.04,7065,0,1,1
0.22,9116,0,1,1
0.15,9021,0,1,1
0.34,10543,0,1,1
0.1,4523,0,1,1
0.15,5288,0,1,1
,5230,0,1,1
0.2,5540,0,1,1
0.12,5402,0,1,1
,4689,0,1,1
0.28,5882,0,1,1
0.21,6133,0,1,1
0.04,1347,0,1,1
0.06,697,0,1,1
0.23,2385,0,1,1
0.15,2574,0,1,1
0.11,11051,0,1,1
0.23,10849,0,1,1
0.12,11288,0,1,1
0.1,10809,0,1,1
0.19,10961,0,1,1
0.04,11585,0,1,1
0.07,10982,0,1,1
0.03,11179,0,1,1
0.02,9793,0,1,1
0.06,11531,0,1,1
0.02,6126,0,1,1
,6543,0,1,1
0.03,6732,0,1,1
0.04,11341,0,1,1
0.06,11354,0,1,1
0.14,11289,0,1,1
0.04,10305,0,1,1
0.04,10258,0,1,1
,5,0,1,1
,13,0,1,1
1.82,138,0,1,1
3.74,20,0,1,1
4.4,22,0,1,1
4.9,112,0,1,1
0.08,112,0,1,1
0.1,73,0,1,1
,39,0,1,1
,41,0,1,1
,36,0,1,1
10,36,0,1,1
50,32,0,1,1
,,0,1,1
,,0,1,1
,,0,1,1
0.3,35,0,1,1
,34,0,1,1
1.3,33,0,1,1
,33,0,1,1
2,13,0,1,1
3,4,0,1,1
1,5,0,1,1
0.9,8,0,1,1
0.4,5217,0,1,1
0.1,5223,0,1,1
0.12,5721,0,1,1
0.24,5301,0,1,1
,5639,0,1,1
3.5,5648,0,1,1
,5628,0,1,1
7,5644,0,1,1
,4951,0,1,1
,4937,0,1,1
2,4974,0,1,1
0.3,5201,0,1,1
0.4,5234,0,1,1
,5698,0,1,1
,5717,0,1,1
0.8,5720,0,1,1
0.51,5723,0,1,1
,5705,0,1,1
0.6,5278,0,1,1
1.13,5310,0,1,1
0.3,5300,0,1,1
1.4,5172,0,1,1
1.16,5223,0,1,1
0.4,5213,0,1,1
,6304,0,1,1
,7516,0,1,1
0.02,491,0,1,1
0.26,303,0,1,1
0.08,516,0,1,1
0.01,497,0,1,1
,593,0,1,1
0.4,342,0,1,1
0.25,959,0,1,1
0.25,880,0,1,1
0.25,858,0,1,1
0.25,895,0,1,1
0.5,135,0,1,1
0.5,134,0,1,1
3.5,201,0,1,1
0.09,254,0,1,1
0.37,218,0,1,1
0.28,86,0,1,1
0.19,151,0,1,1
0.22,209,0,1,1
7.7,147,0,1,1
10.8,147,0,1,1
4.8,147,0,1,1
7,129,0,1,1
0.1,758,0,1,1
2.5,315,0,1,1
0.03,634,0,1,1
0.04,349,0,1,1
0.12,90,0,1,1
0.23,281,0,1,1
0.1,454,0,1,1
0.15,289,0,1,1
0.1,848,0,1,1
0.14,676,0,1,1
0.13,1036,0,1,1
,80,0,1,1
,58,0,1,1
2,82,0,1,1
1,127,0,1,1
2.7,129,0,1,1
2.56,129,0,1,1
1.46,134,0,1,1
2.65,129,0,1,1
1.21,127,0,1,1
2.36,133,0,1,1
0.5,90,0,1,1
4.5,10699,0,1,1
,12059,0,1,1
,12075,0,1,1
0.02,226,0,1,1
0.11,54,0,1,1
0.3,289,0,1,1
0.98,303,0,1,1
0.33,441,0,1,1
0.12,717,0,1,1
0.22,503,0,1,1
0.06,705,0,1,1
0.02,719,0,1,1
0.1,711,0,1,1
0.12,541,0,1,1
0.03,854,0,1,1
0.14,476,0,1,1
0.03,868,0,1,1
0.12,925,0,1,1
0.14,878,0,1,1
,307,0,1,1
,1,0,1,1
1.5,29,0,1,1
5,26,0,1,1
1.5,15,0,1,1
1,12,0,1,1
,9,0,1,1
,9,0,1,1
,9,0,1,1
,9,0,1,1
,9,0,1,1
3.4,141,0,1,1
3.15,140,0,1,1
2.1,137,0,1,1
3.05,137,0,1,1
1.8,137,0,1,1
1.7,140,0,1,1
2.15,140,0,1,1
0.27,98,0,1,1
0.11,80,0,1,1
0.1,173,0,1,1
0.03,1626,0,1,1
0.02,1630,0,1,1
0.08,333,0,1,1
0.04,8054,0,1,1
0.15,2666,0,1,1
0.04,1679,0,1,1
0.25,2393,0,1,1
0.07,998,0,1,1
0.07,2258,0,1,1
0.06,1521,0,1,1
0.06,803,0,1,1
0.13,3860,0,1,1
0.18,4070,0,1,1
0.04,4087,0,1,1
0.03,3932,0,1,1
0.12,3958,0,1,1
0.07,4045,0,1,1
0.06,3821,0,1,1
0.03,3917,0,1,1
0.14,3927,0,1,1
0.03,3885,0,1,1
0.24,7273,0,1,1
0.08,1945,0,1,1
0.16,2293,0,1,1
0.03,8184,0,1,1
0.16,3157,0,1,1
0.12,2787,0,1,1
0.02,411,0,1,1
0.05,2830,0,1,1
0.01,4035,0,1,1
0.02,3832,0,1,1
0.03,3631,0,1,1
0.02,3773,0,1,1
0.03,3454,0,1,1
0.02,3554,0,1,1
0.02,3176,0,1,1
0.01,3320,0,1,1
2.4,0,0,1,1
,541,0,1,1
0.2,13923,0,1,1
0.15,65,0,1,1
,312,0,1,1
,54,0,1,1
,110,0,1,1
,156,0,1,1
0.04,3817,0,1,1
0.03,9189,0,1,1
0.03,9317,0,1,1
0.04,9327,0,1,1
0.05,9478,0,1,1
0.02,9580,0,1,1
0.05,9624,0,1,1
0.02,9634,0,1,1
0.03,9714,0,1,1
0.01,10000,0,1,1
0.05,10109,0,1,1
0.01,9995,0,1,1
0.21,15951,0,1,1
0.23,15998,0,1,1
0.55,16169,0,1,1
0.21,16184,0,1,1
0.25,17188,0,1,1
0.6,0,0,1,1
0.75,,0,1,1
,,0,1,1
1.5,,0,1,1
0.5,,0,1,1
,,0,1,1
,8420,0,1,1
0.31,1963,0,1,1
1.3,113,0,1,1
2.4,2167,0,1,1
0.2,40,0,1,1
0.4,27,0,1,1
0.15,63,0,1,1
,35,0,1,1
,16,0,1,1
0.33,666,0,1,1
0.83,61,0,1,1
0.79,314,0,1,1
0.21,316,0,1,1
0.6,180,0,1,1
0.5,659,0,1,1
1.5,659,0,1,1
1.5,663,0,1,1
4,658,0,1,1
6,659,0,1,1
1.5,585,0,1,1
1.5,589,0,1,1
2.2,570,0,1,1
2.2,573,0,1,1
,12765,0,1,1
0.37,90,0,1,1
0.1,96,0,1,1
0.1,121,0,1,1
0.02,194,0,1,1
0.02,283,0,1,1
0.5,266,0,1,1
1,222,0,1,1
0.5,171,0,1,1
0.5,120,0,1,1
,28,0,1,1
,33,0,1,1
0.5,16723,0,1,1
0.78,16875,0,1,1
0.5,17072,0,1,1
0.04,,0,1,1
0.06,,0,1,1
0.15,,0,1,1
0.08,,0,1,1
0.08,,0,1,1
0.14,,0,1,1
0.13,,0,1,1
0.19,,0,1,1
0.22,,0,1,1
0.07,,0,1,1
2.55,665,0,1,1
0.02,146,0,1,1
0.09,65,0,1,1
0.09,1103,0,1,1
,136,0,1,1
0.01,918,0,1,1
0.02,978,0,1,1
0.1,513,0,1,1
0.27,293,0,1,1
0.26,347,0,1,1
0.12,314,0,1,1
0.12,232,0,1,1
,78,0,1,1
,57,0,1,1
0.12,298,0,1,1
1.9,59,0,1,1
10.67,73,0,1,1
0.16,112,0,1,1
0.15,227,0,1,1
0.03,366,0,1,1
0.04,533,0,1,1
0.11,68,0,1,1
0.06,346,0,1,1
0.08,346,0,1,1
0.5,330,0,1,1
0.1,101,0,1,1
,569,0,1,1
,25,0,1,1
0.51,59,0,1,1
0.62,111,0,1,1
0.44,71,0,1,1
1.39,47,0,1,1
15,5,0,1,1
40,6,0,1,1
1,247,0,1,1
2,21,0,1,1
,0,0,1,1
,0,0,1,1
0.04,2281,0,1,1
0.04,967,0,1,1
0.03,1030,0,1,1
0.13,1562,0,1,1
0.11,488,0,1,1
0.29,253,0,1,1
0.43,169,0,1,1
0.04,314,0,1,1
0.48,285,0,1,1
0.23,333,0,1,1
0.1,1506,0,1,1
0.16,1504,0,1,1
0.07,1686,0,1,1
0.14,1429,0,1,1
0.04,1592,0,1,1
0.03,1825,0,1,1
0.03,5979,0,1,1
0.05,6005,0,1,1
0.06,2265,0,1,1
0.72,272,0,1,1
0.11,756,0,1,1
0.3,484,0,1,1
0.04,2183,0,1,1
0.06,3037,0,1,1
1,263,0,1,1
0.1,312,0,1,1
2,212,0,1,1
2,168,0,1,1
9.05,74,0,1,1
7.31,71,0,1,1
3.39,78,0,1,1
10.2,59,0,1,1
6.81,76,0,1,1
4.18,61,0,1,1
3.15,64,0,1,1
6.76,66,0,1,1
5.57,78,0,1,1
6.08,78,0,1,1
10.03,78,0,1,1
7.67,79,0,1,1
7.61,76,0,1,1
6.73,73,0,1,1
9.17,72,0,1,1
6.95,69,0,1,1
6.2,68,0,1,1
5.06,67,0,1,1
9.29,62,0,1,1
7.23,58,0,1,1
3.88,54,0,1,1
5.15,50,0,1,1
2.95,47,0,1,1
1.9,9,0,1,1
2.45,7,0,1,1
23,323,0,1,1
9,425,0,1,1
6.7,429,0,1,1
7.3,442,0,1,1
14.9,428,0,1,1
15.3,430,0,1,1
17.6,435,0,1,1
32,616,0,1,1
1,105,0,1,1
1,172,0,1,1
,84,0,1,1
2,72,0,1,1
1,61,0,1,1
,140,0,1,1
7.14,242,0,1,1
0.5,403,0,1,1
0.34,1191,0,1,1
2.26,260,0,1,1
2.64,234,0,1,1
9.71,173,0,1,1
13.66,173,0,1,1
3.38,4512,0,1,1
4.43,4567,0,1,1
3.63,4665,0,1,1
2.59,4675,0,1,1
2.18,4721,0,1,1
3.56,4771,0,1,1
2.22,4520,0,1,1
3.04,4520,0,1,1
2.73,4494,0,1,1
1.75,4407,0,1,1
4.8,57,0,1,1
3.7,58,0,1,1
4,58,0,1,1
4.9,59,0,1,1
4,59,0,1,1
3.1,63,0,1,1
1.9,59,0,1,1
1.2,61,0,1,1
2.7,65,0,1,1
3.9,65,0,1,1
7.9,73,0,1,1
4.7,73,0,1,1
5.2,74,0,1,1
8.7,74,0,1,1
0.5,28,0,1,1
0.9,41,0,1,1
1.9,49,0,1,1
1.8,50,0,1,1
1.2,50,0,1,1
1.5,57,0,1,1
2.4,57,0,1,1
3.7,57,0,1,1
4.8,57,0,1,1
3.6,58,0,1,1
3.9,58,0,1,1
4,58,0,1,1
3.9,59,0,1,1
2.4,59,0,1,1
2.7,59,0,1,1
2.4,59,0,1,1
4,61,0,1,1
4.2,62,0,1,1
2.9,63,0,1,1
0.2,53,0,1,1
1.6,55,0,1,1
1.7,55,0,1,1
0.4,59,0,1,1
1.4,59,0,1,1
1.2,59,0,1,1
2.1,61,0,1,1
2.4,61,0,1,1
3.9,65,0,1,1
4.7,65,0,1,1
5.1,67,0,1,1
3,67,0,1,1
3.5,68,0,1,1
6.2,70,0,1,1
5.9,70,0,1,1
5.3,70,0,1,1
5.4,71,0,1,1
3.9,71,0,1,1
6.3,72,0,1,1
5.7,72,0,1,1
5.4,72,0,1,1
1.5,72,0,1,1
2,72,0,1,1
0.3,72,0,1,1
8.3,73,0,1,1
1.8,74,0,1,1
4.2,74,0,1,1
3.8,74,0,1,1
6.2,1,0,1,1
13.1,0,0,1,1
,107,0,1,1
0.29,8419,0,1,1
0.5,8277,0,1,1
0.75,8249,0,1,1
0.15,8269,0,1,1
,8277,0,1,1
,8312,0,1,1
,8262,0,1,1
0.7,60,0,1,1
1.3,62,0,1,1
0.2,56,0,1,1
1.2,51,0,1,1
2.1,46,0,1,1
1.8,41,0,1,1
3.2,37,0,1,1
1.8,31,0,1,1
1.3,28,0,1,1
1,24,0,1,1
0.2,20,0,1,1
1.5,20,0,1,1
6.7,144,0,1,1
7.6,144,0,1,1
42.2,160,0,1,1
39.8,160,0,1,1
14.9,167,0,1,1
12.1,167,0,1,1
17.6,174,0,1,1
13.8,162,0,1,1
27.2,155,0,1,1
23.5,152,0,1,1
34.8,151,0,1,1
41.6,149,0,1,1
17.1,152,0,1,1
13.2,154,0,1,1
12.8,153,0,1,1
10.8,150,0,1,1
16.4,149,0,1,1
7.4,141,0,1,1
18.2,139,0,1,1
7.8,135,0,1,1
6.4,137,0,1,1
6.7,101,0,1,1
6.2,99,0,1,1
15.3,99,0,1,1
7.8,101,0,1,1
16.1,98,0,1,1
16.6,99,0,1,1
11.8,101,0,1,1
24.6,103,0,1,1
0.25,0,0,1,1
0.25,22,0,1,1
0.25,33,0,1,1
0.25,47,0,1,1
0.25,125,0,1,1
0.25,124,0,1,1
0.25,150,0,1,1
0.25,192,0,1,1
0.25,81,0,1,1
1,80,0,1,1
,74,0,1,1
,19,0,1,1
,94,0,1,1
0.3,92,0,1,1
,82,0,1,1
,1317,0,1,1
0.05,2381,0,1,1
0.1,171,0,1,1
0.14,174,0,1,1
0.08,844,0,1,1
0.07,825,0,1,1
0.03,921,0,1,1
0.02,924,0,1,1
,2347,0,1,1
,1346,0,1,1
0.01,1390,0,1,1
0.01,2402,0,1,1
,578,0,1,1
0.08,151,0,1,1
0.04,5,0,1,1
,578,0,1,1
0.05,1832,0,1,1
,35,0,1,1
0.3,79,0,1,1
1.2,51,0,1,1
1.8,62,0,1,1
0.6,102,0,1,1
,93,0,1,1
,64,0,1,1
,45,0,1,1
2,30,0,1,1
,14,0,1,1
,100,0,1,1
0.8,382,0,1,1
2.5,375,0,1,1
,395,0,1,1
,484,0,1,1
2,15,0,1,1
2.2,22,0,1,1
3,13,0,1,1
2,346,0,1,1
,2113,0,1,1
,1605,0,1,1
,1605,0,1,1
,1602,0,1,1
,1603,0,1,1
,1603,0,1,1
,1604,0,1,1
,1603,0,1,1
,1782,0,1,1
,1871,0,1,1
,1927,0,1,1
,1935,0,1,1
,1767,0,1,1
,1767,0,1,1
,1782,0,1,1
,1873,0,1,1
0.8,1592,0,1,1
2,1882,0,1,1
,42,0,1,1
0.1,87,0,1,1
,27,0,1,1
,90,0,1,1
,265,0,1,1
0.45,6394,0,1,1
1,8358,0,1,1
0.04,11410,0,1,1
0.02,11587,0,1,1
0.06,11598,0,1,1
,12370,0,1,1
0.02,11415,0,1,1
0.15,11391,0,1,1
0.15,10849,0,1,1
0.07,53,0,1,1
1.5,12501,0,1,1
,12781,0,1,1
,12880,0,1,1
,12370,0,1,1
0.9,12382,0,1,1
,,0,1,1
,10832,0,1,1
0.09,285,0,1,1
0.99,1,0,1,1
1.17,78,0,1,1
0.13,163,0,1,1
0.16,203,0,1,1
0.15,292,0,1,1
0.13,594,0,1,1
0.13,812,0,1,1
0.12,866,0,1,1
0.03,961,0,1,1
0.08,906,0,1,1
0.17,494,0,1,1
2.9,2,0,1,1
5.7,2,0,1,1
0.3,2,0,1,1
,248,0,1,1
,8,0,1,1
,3,0,1,1
7,2,0,1,1
4,1,0,1,1
7.3,3,0,1,1
3.1,28,0,1,1
3.6,28,0,1,1
0.1,1894,0,1,1
0.05,1881,0,1,1
0.05,1286,0,1,1
0.05,1090,0,1,1
0.08,1072,0,1,1
0.08,1270,0,1,1
0.15,257,0,1,1
0.08,228,0,1,1
0.03,251,0,1,1
0.05,441,0,1,1
0.1,1702,0,1,1
0.05,209,0,1,1
0.08,205,0,1,1
0.05,294,0,1,1
4.13,67,0,1,1
2.49,44,0,1,1
4.4,77,0,1,1
1.75,79,0,1,1
2.74,79,0,1,1
3.29,78,0,1,1
2.28,79,0,1,1
1.59,55,0,1,1
5.07,71,0,1,1
4.7,69,0,1,1
1.68,57,0,1,1
,117,0,1,1
0.5,7169,0,1,1
0.3,242,0,1,1
0.2,1003,0,1,1
0.13,649,0,1,1
1.03,150,0,1,1
1.05,171,0,1,1
0.12,724,0,1,1
0.26,525,0,1,1
0.27,526,0,1,1
0.05,1063,0,1,1
0.19,708,0,1,1
0.44,212,0,1,1
0.6,119,0,1,1
0.18,551,0,1,1
,7746,0,1,1
3,85,0,1,1
2.5,242,0,1,1
3.5,156,0,1,1
1.5,172,0,1,1
1,345,0,1,1
0.5,232,0,1,1
0.5,404,0,1,1
1.5,125,0,1,1
1,146,0,1,1
2,143,0,1,1
1,161,0,1,1
3,190,0,1,1
1.5,121,0,1,1
2.3,131,0,1,1
1,140,0,1,1
1,141,0,1,1
13,2,0,1,1
36,2,0,1,1
32,3,0,1,1
17,3,0,1,1
17,3,0,1,1
28,1,0,1,1
27,2,0,1,1
10,2,0,1,1
14,3,0,1,1
12,3,0,1,1
10,4,0,1,1
11,3,0,1,1
19,3,0,1,1
13,2,0,1,1
33,2,0,1,1
29,1,0,1,1
25,1,0,1,1
27,1,0,1,1
21,0,0,1,1
46,1,0,1,1
48,2,0,1,1
36,2,0,1,1
29,2,0,1,1
55,1,0,1,1
62,1,0,1,1
57,1,0,1,1
43,1,0,1,1
51,1,0,1,1
33,1,0,1,1
46,1,0,1,1
59,1,0,1,1
64,1,0,1,1
50,1,0,1,1
39,2,0,1,1
46,2,0,1,1
44,2,0,1,1
90,3,0,1,1
78,4,0,1,1
68,2,0,1,1
61,2,0,1,1
32,2,0,1,1
43,2,0,1,1
41,2,0,1,1
38,2,0,1,1
29,2,0,1,1
18,2,0,1,1
28,2,0,1,1
33,2,0,1,1
16,2,0,1,1
0.08,11548,0,1,1
,11,0,1,1
2.5,16561,0,1,1
1,16571,0,1,1
2.2,16697,0,1,1
4,16620,0,1,1
1.1,,0,1,1
,,0,1,1
0.55,,0,1,1
1.5,,0,1,1
,,0,1,1
1.6,,0,1,1
1.75,,0,1,1
2.9,,0,1,1
1.65,,0,1,1
2.6,,0,1,1
2.55,,0,1,1
,,0,1,1
2.5,,0,1,1
2.55,,0,1,1
0.05,3018,0,1,1
0.08,3893,0,1,1
,1991,0,1,1
,4971,0,1,1
0.13,1093,0,1,1
,97,0,1,1
,149,0,1,1
,5577,0,1,1
,1714,0,1,1
8,167,0,1,1
,316,0,1,1
,326,0,1,1
,315,0,1,1
,4852,0,1,1
,4761,0,1,1
,362,0,1,1
,393,0,1,1
,208,0,1,1
,1609,0,1,1
,4727,0,1,1
10,195,0,1,1
,161,0,1,1
,298,0,1,1
15,301,0,1,1
,167,0,1,1
,199,0,1,1
,4984,0,1,1
,4398,0,1,1
,477,0,1,1
0.5,216,0,1,1
,329,0,1,1
,345,0,1,1
,321,0,1,1
,325,0,1,1
,1584,0,1,1
,197,0,1,1
,329,0,1,1
,339,0,1,1
2,35,0,1,1
3,170,0,1,1
3,145,0,1,1
,173,0,1,1
2,85,0,1,1
0.11,139,0,1,1
0.09,132,0,1,1
0.06,141,0,1,1
1.5,,0,1,1
1.65,,0,1,1
0.05,,0,1,1
,,0,1,1
1.4,,0,1,1
4.8,,0,1,1
0.1,561,0,1,1
0.11,775,0,1,1
,22,0,1,1
,22,0,1,1
5,14,0,1,1
0.2,71,0,1,1
0.3,63,0,1,1
1,60,0,1,1
2.7,46,0,1,1
1.54,44,0,1,1
1.55,38,0,1,1
2.9,39,0,1,1
0.89,40,0,1,1
2.14,39,0,1,1
0.87,40,0,1,1
0.7,40,0,1,1
1.86,38,0,1,1
2.24,39,0,1,1
1.8,39,0,1,1
1.8,39,0,1,1
0.1,48,0,1,1
0.81,48,0,1,1
0.63,47,0,1,1
2.75,47,0,1,1
3.15,48,0,1,1
3.2,48,0,1,1
2.3,48,0,1,1
2.5,48,0,1,1
1.14,49,0,1,1
3.1,49,0,1,1
3.3,49,0,1,1
0.8,49,0,1,1
0.54,52,0,1,1
1.76,52,0,1,1
3.1,52,0,1,1
1.2,54,0,1,1
1.23,49,0,1,1
3.1,50,0,1,1
1.55,49,0,1,1
0.77,49,0,1,1
1.65,50,0,1,1
0.96,60,0,1,1
0.56,60,0,1,1
1.3,51,0,1,1
1.51,51,0,1,1
2.24,51,0,1,1
1,58,0,1,1
1.54,54,0,1,1
1.82,55,0,1,1
5.4,56,0,1,1
1.25,56,0,1,1
0.43,56,0,1,1
3.2,62,0,1,1
1.7,64,0,1,1
3.28,64,0,1,1
3.33,64,0,1,1
3.9,64,0,1,1
0.4,44,0,1,1
,122,0,1,1
3.74,48,0,1,1
3.29,48,0,1,1
4.54,48,0,1,1
5.8,47,0,1,1
5.34,47,0,1,1
4.57,48,0,1,1
3.45,49,0,1,1
7.07,50,0,1,1
8.51,51,0,1,1
10.94,52,0,1,1
13.2,53,0,1,1
,65,0,1,1
,59,0,1,1
3.46,543,0,1,1
4,545,0,1,1
3.65,548,0,1,1
2.61,549,0,1,1
2.31,546,0,1,1
2.94,546,0,1,1
1.23,574,0,1,1
0.39,563,0,1,1
3.8,556,0,1,1
2.51,533,0,1,1
3.66,538,0,1,1
3.75,541,0,1,1
3.09,544,0,1,1
2.25,541,0,1,1
2.98,541,0,1,1
0.9,595,0,1,1
1.5,572,0,1,1
1.93,540,0,1,1
,548,0,1,1
,24,0,1,1
0.02,25,0,1,1
0.06,143,0,1,1
0.05,121,0,1,1
0.04,178,0,1,1
0.02,225,0,1,1
0.02,225,0,1,1
2.1,62,0,1,1
7.63,72,0,1,1
3.68,72,0,1,1
3.71,78,0,1,1
4.64,79,0,1,1
2.22,79,0,1,1
3.28,79,0,1,1
2.48,78,0,1,1
2.68,78,0,1,1
7.39,74,0,1,1
4.2,75,0,1,1
4.44,72,0,1,1
4.35,72,0,1,1
4.18,72,0,1,1
5.52,70,0,1,1
2.44,69,0,1,1
8.4,67,0,1,1
5.14,57,0,1,1
2.84,58,0,1,1
4.13,79,0,1,1
3.6,79,0,1,1
2.1,79,0,1,1
0.4,79,0,1,1
0.5,79,0,1,1
0.46,79,0,1,1
0.98,79,0,1,1
5.2,79,0,1,1
4.8,79,0,1,1
5.2,79,0,1,1
5.32,79,0,1,1
1,79,0,1,1
0.55,79,0,1,1
0.74,79,0,1,1
4.5,79,0,1,1
3.33,79,0,1,1
3.55,79,0,1,1
3.97,79,0,1,1
4.05,79,0,1,1
1.04,79,0,1,1
0.46,79,0,1,1
0.33,79,0,1,1
2.08,79,0,1,1
2.65,79,0,1,1
2.3,79,0,1,1
1.18,79,0,1,1
0.94,79,0,1,1
0.9,79,0,1,1
0.79,79,0,1,1
3.6,79,0,1,1
2.85,78,0,1,1
1.94,78,0,1,1
1.85,79,0,1,1
3.82,78,0,1,1
1.4,78,0,1,1
1.8,78,0,1,1
0.65,78,0,1,1
0.3,78,0,1,1
0.38,78,0,1,1
1.15,78,0,1,1
4.82,78,0,1,1
1.9,78,0,1,1
2.7,77,0,1,1
1.8,77,0,1,1
0.95,77,0,1,1
3.75,74,0,1,1
2.6,67,0,1,1
2.4,66,0,1,1
2.6,66,0,1,1
0.39,55,0,1,1
2.45,55,0,1,1
5.5,74,0,1,1
0.59,74,0,1,1
2.85,72,0,1,1
2.7,72,0,1,1
4.5,59,0,1,1
1.32,57,0,1,1
1.08,57,0,1,1
1.74,57,0,1,1
0.35,79,0,1,1
0.75,79,0,1,1
0.74,78,0,1,1
0.9,78,0,1,1
0.46,51,0,1,1
0.5,54,0,1,1
2,67,0,1,1
2.1,67,0,1,1
0.85,67,0,1,1
1.15,79,0,1,1
6.6,72,0,1,1
2.09,79,0,1,1
3.47,70,0,1,1
2.31,59,0,1,1
2.94,77,0,1,1
3.02,78,0,1,1
2.71,78,0,1,1
7.97,74,0,1,1
10.14,74,0,1,1
8.5,75,0,1,1
2.78,72,0,1,1
3.68,69,0,1,1
4.52,67,0,1,1
4.88,67,0,1,1
4.72,79,0,1,1
4.59,79,0,1,1
4.18,79,0,1,1
4.12,79,0,1,1
3.34,79,0,1,1
3.62,79,0,1,1
4.68,79,0,1,1
4.91,66,0,1,1
3.98,58,0,1,1
4.11,57,0,1,1
3.97,57,0,1,1
4.5,57,0,1,1
22.5,22,0,1,1
14.9,30,0,1,1
9.6,25,0,1,1
8.6,25,0,1,1
4.5,29,0,1,1
23.4,29,0,1,1
14.7,29,0,1,1
16.5,30,0,1,1
3.6,33,0,1,1
9.9,20,0,1,1
18,20,0,1,1
12.3,31,0,1,1
,124,0,1,1
3,48,0,1,1
0.5,48,0,1,1
1,48,0,1,1
0.84,48,0,1,1
1.02,48,0,1,1
1.48,48,0,1,1
1.1,48,0,1,1
0.55,48,0,1,1
2.08,48,0,1,1
3.75,47,0,1,1
1.23,47,0,1,1
0.85,49,0,1,1
3.27,49,0,1,1
2.3,48,0,1,1
2.7,50,0,1,1
3.22,49,0,1,1
4.1,49,0,1,1
4.8,49,0,1,1
1.95,49,0,1,1
1,49,0,1,1
4.85,49,0,1,1
1.25,49,0,1,1
2.6,49,0,1,1
3.6,49,0,1,1
1.2,51,0,1,1
2.5,51,0,1,1
4,51,0,1,1
3.1,51,0,1,1
4.85,51,0,1,1
5,51,0,1,1
3.5,51,0,1,1
3.34,51,0,1,1
3.75,51,0,1,1
5.5,51,0,1,1
2.75,53,0,1,1
3.15,53,0,1,1
1.1,53,0,1,1
1.7,57,0,1,1
1.2,59,0,1,1
2.9,49,0,1,1
1.08,57,0,1,1
1.05,55,0,1,1
4.8,49,0,1,1
4.95,49,0,1,1
2.3,49,0,1,1
6.6,51,0,1,1
5,51,0,1,1
6,51,0,1,1
1,51,0,1,1
2.58,51,0,1,1
2.6,51,0,1,1
2.56,51,0,1,1
5.1,51,0,1,1
3.3,54,0,1,1
3.53,54,0,1,1
2.1,61,0,1,1
1.6,61,0,1,1
5.85,64,0,1,1
4.75,64,0,1,1
1.38,64,0,1,1
0.72,64,0,1,1
1.06,64,0,1,1
2.9,64,0,1,1
3.15,64,0,1,1
2.73,66,0,1,1
2.25,66,0,1,1
3.82,40,0,1,1
3.15,40,0,1,1
2.54,40,0,1,1
3.33,40,0,1,1
1.44,40,0,1,1
2.25,39,0,1,1
4.46,39,0,1,1
2.54,39,0,1,1
3.05,39,0,1,1
2.1,39,0,1,1
2.68,39,0,1,1
2.6,39,0,1,1
2.72,39,0,1,1
2.05,39,0,1,1
2.25,38,0,1,1
2.9,38,0,1,1
2,38,0,1,1
3.92,38,0,1,1
3.32,38,0,1,1
2.58,38,0,1,1
2.6,38,0,1,1
2.15,38,0,1,1
3.05,37,0,1,1
0.85,43,0,1,1
2,43,0,1,1
2,43,0,1,1
1.8,43,0,1,1
0.82,43,0,1,1
0.55,43,0,1,1
0.45,43,0,1,1
2.2,45,0,1,1
2.2,45,0,1,1
3.9,45,0,1,1
4.1,45,0,1,1
2.1,45,0,1,1
2.6,45,0,1,1
2.3,45,0,1,1
2.15,45,0,1,1
2.05,45,0,1,1
2.15,45,0,1,1
2.88,45,0,1,1
2.24,45,0,1,1
1.15,51,0,1,1
0.68,51,0,1,1
0.5,51,0,1,1
1.46,51,0,1,1
1.05,50,0,1,1
1.84,50,0,1,1
1.3,50,0,1,1
2.55,60,0,1,1
14.9,52,0,1,1
9.39,52,0,1,1
11.14,52,0,1,1
1.58,51,0,1,1
0.81,50,0,1,1
3.38,36,0,1,1
6.83,40,0,1,1
3.36,54,0,1,1
11.28,51,0,1,1
10.17,51,0,1,1
5.16,48,0,1,1
3.2,48,0,1,1
3.74,48,0,1,1
3.22,48,0,1,1
4.88,49,0,1,1
2.92,49,0,1,1
6.63,49,0,1,1
6.58,49,0,1,1
9.56,51,0,1,1
8.54,51,0,1,1
0.11,276,0,1,1
,862,0,1,1
,161,0,1,1
,162,0,1,1
1.35,78,0,1,1
5.3,79,0,1,1
5.55,79,0,1,1
3.4,76,0,1,1
4.08,76,0,1,1
4.34,72,0,1,1
3.6,69,0,1,1
4.6,59,0,1,1
1.83,50,0,1,1
2.6,4,0,1,1
0.7,7,0,1,1
2.38,78,0,1,1
3.47,79,0,1,1
4.36,78,0,1,1
4.25,78,0,1,1
3.35,78,0,1,1
1.67,79,0,1,1
3.17,79,0,1,1
3.56,78,0,1,1
3.44,76,0,1,1
3.45,76,0,1,1
5.3,75,0,1,1
4.05,74,0,1,1
2.6,74,0,1,1
0.65,73,0,1,1
2.83,73,0,1,1
4.8,72,0,1,1
4.9,70,0,1,1
2.63,69,0,1,1
3.1,68,0,1,1
1.27,61,0,1,1
2.4,79,0,1,1
1.24,7,0,1,1
2.97,11,0,1,1
,101,0,1,1
,101,0,1,1
,101,0,1,1
,98,0,1,1
,98,0,1,1
,99,0,1,1
0.05,2675,0,1,1
0.1,6634,0,1,1
1,6624,0,1,1
,3,0,1,1
,7,0,1,1
3,25,0,1,1
,10,0,1,1
0.17,787,0,1,1
2.58,147,0,1,1
0.16,818,0,1,1
0.08,3501,0,1,1
0.18,4527,0,1,1
0.15,4653,0,1,1
0.4,11779,0,1,1
0.12,11791,0,1,1
0.12,5627,0,1,1
0.65,7724,0,1,1
0.19,13141,0,1,1
2.9,66,0,1,1
0.7,58,0,1,1
2.3,59,0,1,1
6.7,52,0,1,1
6.7,53,0,1,1
0.8,52,0,1,1
6.3,51,0,1,1
9.6,52,0,1,1
8.3,52,0,1,1
5,54,0,1,1
4.1,55,0,1,1
4.3,56,0,1,1
9,52,0,1,1
12.8,53,0,1,1
1.7,64,0,1,1
1.6,64,0,1,1
3.1,48,0,1,1
4.2,48,0,1,1
1.1,57,0,1,1
5,49,0,1,1
2.8,67,0,1,1
4,48,0,1,1
3.5,47,0,1,1
2.8,47,0,1,1
3.8,48,0,1,1
3.2,48,0,1,1
3.2,52,0,1,1
3.1,54,0,1,1
7,52,0,1,1
2.3,50,0,1,1
8,53,0,1,1
5.5,64,0,1,1
3.7,64,0,1,1
2.8,64,0,1,1
3.9,64,0,1,1
2.4,66,0,1,1
0.1,975,0,1,1
0.23,421,0,1,1
0.31,422,0,1,1
0.2,295,0,1,1
0.7,335,0,1,1
60,5,0,1,1
0.03,426,0,1,1
,3398,0,1,1
,3140,0,1,1
0.11,5884,0,1,1
0.5,220,0,1,1
,140,0,1,1
,176,0,1,1
,173,0,1,1
,367,0,1,1
0.2,88,0,1,1
0.01,784,0,1,1
0.2,402,0,1,1
0.57,400,0,1,1
0.08,604,0,1,1
0.11,503,0,1,1
0.02,757,0,1,1
,5636,0,1,1
,3460,0,1,1
3,0,0,1,1
2.18,51,0,1,1
9.68,7,0,1,1
6.21,7,0,1,1
6.68,7,0,1,1
6.76,7,0,1,1
13.16,5,0,1,1
12.7,5,0,1,1
12.34,5,0,1,1
16.31,5,0,1,1
15.48,5,0,1,1
17.61,5,0,1,1
19.31,4,0,1,1
22.53,4,0,1,1
26.72,4,0,1,1
26.17,4,0,1,1
36.58,5,0,1,1
50.03,5,0,1,1
62.71,5,0,1,1
54.14,5,0,1,1
56.05,5,0,1,1
59.49,5,0,1,1
73.15,5,0,1,1
85.27,5,0,1,1
68.46,5,0,1,1
57.11,5,0,1,1
50.74,5,0,1,1
48.03,5,0,1,1
46.85,5,0,1,1
35.42,4,0,1,1
39.71,4,0,1,1
23.95,5,0,1,1
17.62,5,0,1,1
25.49,5,0,1,1
12.02,6,0,1,1
17.83,7,0,1,1
20.62,7,0,1,1
6.76,7,0,1,1
15.09,8,0,1,1
4.11,8,0,1,1
6.58,4,0,1,1
7.33,4,0,1,1
0.01,528,0,1,1
0.01,1034,0,1,1
0.05,4933,0,1,1
0.08,5102,0,1,1
,1594,0,1,1
0.69,10765,0,1,1
1.2,10784,0,1,1
0.3,10723,0,1,1
2.7,10651,0,1,1
0.08,10849,0,1,1
0.9,10549,0,1,1
0.1,11172,0,1,1
0.15,11110,0,1,1
0.2,10796,0,1,1
0.23,10958,0,1,1
0.3,11074,0,1,1
0.3,10838,0,1,1
0.38,10839,0,1,1
0.5,10900,0,1,1
0.5,10650,0,1,1
0.6,11004,0,1,1
0.6,10782,0,1,1
1.3,10710,0,1,1
4.3,10782,0,1,1
0.3,10782,0,1,1
1.3,10709,0,1,1
1.3,10831,0,1,1
1.3,10784,0,1,1
1.3,10783,0,1,1
1.3,10767,0,1,1
0.3,10742,0,1,1
0.3,10723,0,1,1
0.3,10680,0,1,1
0.3,10648,0,1,1
0.3,10564,0,1,1
0.3,10548,0,1,1
0.3,10816,0,1,1
0.3,10815,0,1,1
0.3,10796,0,1,1
0.3,10981,0,1,1
2.6,10971,0,1,1
2.6,10966,0,1,1
2.6,47,0,1,1
5.5,53,0,1,1
3.75,48,0,1,1
3,49,0,1,1
5,49,0,1,1
3.5,52,0,1,1
4,51,0,1,1
1.25,58,0,1,1
6.6,49,0,1,1
6.5,50,0,1,1
6.6,50,0,1,1
7.7,52,0,1,1
5.5,64,0,1,1
5.7,64,0,1,1
6,64,0,1,1
25.53,4,0,1,1
26.02,4,0,1,1
67.74,4,0,1,1
83.22,4,0,1,1
35.41,5,0,1,1
36.26,5,0,1,1
52.95,6,0,1,1
5.28,17,0,1,1
9.02,17,0,1,1
6.59,16,0,1,1
1.47,21,0,1,1
3.73,37,0,1,1
1.9,50,0,1,1
2.26,75,0,1,1
